[{"spielerID":2,"name":"Carvajal","team":{"teamID":1,"team":"Real Madrid","imagePath":"1.png","liga":{"ligaID":1,"liga":"LaLiga","imagePath":"1.png"}},"pos":{"posID":1,"pos":"RV"},"nat":{"natID":1,"nat":"Spanien","imagePath":"1.png"},"imagePath":"1.png"},{"spielerID":5,"name":"Cristiano Ronaldo","team":{"teamID":5,"team":"Juventus","imagePath":"1.png","liga":{"ligaID":5,"liga":"Serie A","imagePath":"1.png"}},"pos":{"posID":4,"pos":"ST"},"nat":{"natID":2,"nat":"Portugal","imagePath":"1.png"},"imagePath":"1.png"},{"spielerID":4,"name":"Marco Asensio","team":{"teamID":1,"team":"Real Madrid","imagePath":"1.png","liga":{"ligaID":1,"liga":"LaLiga","imagePath":"1.png"}},"pos":{"posID":8,"pos":"LF"},"nat":{"natID":1,"nat":"Spanien","imagePath":"1.png"},"imagePath":"1.png"}]