[{"spielerID":1,"name":"Marco Asensio","team":{"teamID":1,"team":"Real Madrid","imagePath":"1.png","liga":{"ligaID":1,"liga":"LaLiga","imagePath":"1.png"}},"pos":{"posID":1,"pos":"LF"},"nat":{"natID":1,"nat":"Spanien","imagePath":"1.png"},"imagePath":"1.png"},{"spielerID":3,"name":"Cristiano Ronaldo","team":{"teamID":3,"team":"Juventus Turin","imagePath":"5.png","liga":{"ligaID":3,"liga":"Serie A","imagePath":"4.png"}},"pos":{"posID":3,"pos":"ST"},"nat":{"natID":3,"nat":"Portugal","imagePath":"2.png"},"imagePath":"8.png"}]
