[{"spielerID":1,"name":"Marco Asensio","team":{"teamID":1,"team":"Real Madrid","imagePath":"1.png","liga":{"ligaID":1,"liga":"LaLiga","imagePath":"1.png"}},"pos":{"posID":1,"pos":"LF"},"nat":{"natID":1,"nat":"Spanien","imagePath":"1.png"},"imagePath":"1.png"},{"spielerID":2,"name":"Cristiano Ronaldo","team":{"teamID":2,"team":"Juventus Turin","imagePath":"5.png","liga":{"ligaID":2,"liga":"Serie A","imagePath":"4.png"}},"pos":{"posID":2,"pos":"ST"},"nat":{"natID":2,"nat":"Portugal","imagePath":"2.png"},"imagePath":"8.png"}]
