[{"teamID":1,"team":"Real Madrid","imagePath":"1.png","liga":{"ligaID":1,"liga":"LaLiga","imagePath":"1.png"}},{"teamID":2,"team":"Barcelona","imagePath":"1.png","liga":{"ligaID":1,"liga":"LaLiga","imagePath":"1.png"}},{"teamID":3,"team":"Sevilla","imagePath":"1.png","liga":{"ligaID":1,"liga":"LaLiga","imagePath":"1.png"}},{"teamID":4,"team":"Bayern","imagePath":"1.png","liga":{"ligaID":2,"liga":"Bundesliga","imagePath":"1.png"}},{"teamID":5,"team":"Juventus","imagePath":"1.png","liga":{"ligaID":5,"liga":"Serie A","imagePath":"1.png"}}]